product_name,product_price,product_desc,product_img_url,product_buy_link
Men Regular Mid Rise Dark Blue Jeans,1699,50% off,https://rukminim2.flixcart.com/image/612/612/xif0q/jean/q/c/r/30-4msd3590-01-snitch-original-imagqhb8dvyxzfg3.jpeg?q=70,https://www.flipkart.com/snitch-regular-men-dark-blue-jeans/p/itm07c362e031dfe?pid=JEAGQHBUFZEYBGMY&lid=LSTJEAGQHBUFZEYBGMYWS0OE0&marketplace=FLIPKART&q=jeans&store=clo%2Fvua%2Fk58&srno=s_1_17&otracker=search&fm=organic&iid=en_acaV5P_6t6Nx2VrQhDQQbj6wZvGRUujqHxrhDr4TwyLaV_jixjWY7DEuMSS6jjpi4NmsJprN-x3Sz7K5-ZLxCA%3D%3D&ppt=None&ppn=None&ssid=hh2wlcwgxc0000001707498290299&qH=a0f2589b1ced4dec
512 Men Tapered Fit Mid Rise Blue Jeans,1376,52% off,https://rukminim2.flixcart.com/image/612/612/xif0q/jean/m/o/o/-original-imagg34xqxhhnufp.jpeg?q=70,https://www.flipkart.com/levi-s-512-tapered-fit-men-blue-jeans/p/itm2ef3e1eb2c3f2?pid=JEAGDWFHBZHCYEEM&lid=LSTJEAGDWFHBZHCYEEMGIHOZA&marketplace=FLIPKART&q=jeans&store=clo%2Fvua%2Fk58&srno=s_1_5&otracker=search&fm=organic&iid=cf1ae9ae-6abf-489c-bf8d-7f6bf89e8cee.JEAGDWFHBZHCYEEM.SEARCH&ppt=None&ppn=None&ssid=hh2wlcwgxc0000001707498290299&qH=a0f2589b1ced4dec
Men & Women Regular Mid Rise Grey Jeans,985,1% off,https://rukminim2.flixcart.com/image/612/612/xif0q/jean/e/i/p/32-as-99-subhasharments-original-imags9srjf5smyeh.jpeg?q=70,https://www.flipkart.com/subhashread-regular-men-women-grey-jeans/p/itmff9588eaf4fe8?pid=JEAGSHDHG8Y8WZWC&lid=LSTJEAGSHDHG8Y8WZWCJVCQEZ&marketplace=FLIPKART&q=jeans&store=clo%2Fvua%2Fk58&srno=s_1_23&otracker=search&fm=organic&iid=cf1ae9ae-6abf-489c-bf8d-7f6bf89e8cee.JEAGSHDHG8Y8WZWC.SEARCH&ppt=None&ppn=None&ssid=hh2wlcwgxc0000001707498290299&qH=a0f2589b1ced4dec
Men Regular Mid Rise White Jeans,845,82% off,https://rukminim2.flixcart.com/image/612/612/kpodocw0/jean/t/3/r/32-rdm0015-red-tape-original-imag3uug6vngpx9z.jpeg?q=70,https://www.flipkart.com/red-tape-regular-men-white-jeans/p/itm25179b1e0a06b?pid=JEAG3DAXGCCYJ8WG&lid=LSTJEAG3DAXGCCYJ8WG8RCP7L&marketplace=FLIPKART&q=jeans&store=clo%2Fvua%2Fk58&srno=s_1_3&otracker=search&fm=organic&iid=cf1ae9ae-6abf-489c-bf8d-7f6bf89e8cee.JEAG3DAXGCCYJ8WG.SEARCH&ppt=None&ppn=None&ssid=hh2wlcwgxc0000001707498290299&qH=a0f2589b1ced4dec
Men Skinny Mid Rise White Jeans,773,82% off,https://rukminim2.flixcart.com/image/612/612/kg2l47k0-0/jean/t/r/d/36-rdm0065-red-tape-original-imafwefmvzhtggdh.jpeg?q=70,https://www.flipkart.com/red-tape-skinny-men-white-jeans/p/itm569be525d02dd?pid=JEAFQ3FKDHMCSDG4&lid=LSTJEAFQ3FKDHMCSDG42WTMMA&marketplace=FLIPKART&q=jeans&store=clo%2Fvua%2Fk58&srno=s_1_4&otracker=search&fm=organic&iid=cf1ae9ae-6abf-489c-bf8d-7f6bf89e8cee.JEAFQ3FKDHMCSDG4.SEARCH&ppt=None&ppn=None&ssid=hh2wlcwgxc0000001707498290299&qH=a0f2589b1ced4dec
[ LE] MEN CLASSIC JEANS REGULAR FIT / DENIM JEANS / SELUAR PANJANG JEANS LELAKI,32.93,67% Off,"data:image/png;base64,iVBORw0KGgoAAAANSUhEUgAAAVQAAAFUCAIAAAD08FPiAAAMa2lDQ1BJQ0MgUHJvZmlsZQAASImVVwdYU8kWnluSkJCEEghFSuhNEOlFSggtgoBUwUZIAgklxoSgYkdFBdcuoljRVRFF1wLIoiL2sij2vlhQWVkXC4qi8iYkoOu+8r3zfXPnv2fO/KfcmXvvAKDVw5NKc1FtAPIk+bL4iBDWmNQ0FukZQAAOKIAOdHh8uZQdFxcNoAz0f5f3N6E1lGvOSq5/jv9X0RUI5XwAkHEQZwjk/DyImwDAN/ClsnwAiEq91ZR8qRLPgVhPBgOEeLUSZ6nwLiXOUOHGfpvEeA7EVwDQoPJ4siwA6PehnlXAz4I89M8Qu0oEYgkAWkMhDuSLeAKIlbEPzcubpMTlENtDeynEMB7gk/EdZ9bf+DMG+Xm8rEGsyqtfNELFcmkub9r/WZr/LXm5igEftrBRRbLIeGX+sIa3cyZFKTEV4k5JRkysstYQ94gFqroDgFJEisgklT1qwpdzYP0AE2JXAS80CmITiMMluTHRan1GpjicCzFcLehUcT43EWJDiBcJ5WEJapstsknxal9obaaMw1brz/Fk/X6Vvh4qcpLYav43IiFXzY/RC0WJKRBTILYuECfHQEyH2EWekxClthlRKOLEDNjIFPHK+K0hjhdKIkJU/FhBpiw8Xm1fkicfyBfbIhJzY9T4QL4oMVJVH+wUn9cfP8wFuyKUsJMGeITyMdEDuQiEoWGq3LEXQklSgpqnR5ofEq+ai1OkuXFqe9xSmBuh1FtC7CEvSFDPxZPz4eJU8eOZ0vy4RFWceGE2b2ScKh58OYgGHBAKWEABWwaYBLKBuKWzrhPeqUbCAQ/IQBYQAme1ZmBGSv+IBF4TQCH4EyIhkA/OC+kfFYICqP8yqFVdnUFm/2hB/4wc8AziPBAFcuG9on+WZNBbMngKNeJ/eOfBxofx5sKmHP/3+gHtNw0baqLVGsWAR5bWgCUxjBhKjCSGEx1wYzwQ98ej4TUYNjfcB/cdyOObPeEZoZXwmHCD0Ea4M1FcJPshylGgDfKHq2uR8X0tcFvI6YmH4AGQHTLjTNwYOOMe0A8bD4KePaGWo45bWRXWD9x/y+C7p6G2I7uSUbIBOZhs/+NMuiPdc5BFWevv66OKNWOw3pzBkR/9c76rvgD2UT9aYouwg9hZ7AR2HmvE6gALO47VY5ewo0o8uLqe9q+uAW/x/fHkQB7xP/zx1D6VlZS7Vrt2uH5WjeULp+YrNx5nknSaTJwlymex4ddByOJK+C5DWW6ubm4AKL81qtfXW2b/NwRhXvimK3oHQICgr6+v8ZsuGu71Qwvg9n/2TWd3DL4mDAA4V8pXyApUOlx5IcC3hBbcaUbADFgBe5iPG/AC/iAYhIGRIBYkglQwAVZZBNe5DEwBM8BcUAxKwXKwBqwHm8E2sAvsBQdAHWgEJ8AZcBFcATfAPbh62sFL0AXeg14EQUgIDWEgRog5YoM4IW6IDxKIhCHRSDySiqQjWYgEUSAzkHlIKbISWY9sRaqQX5AjyAnkPNKK3EEeIR3IG+QTiqFUVA81RW3RYagPykaj0ER0PJqFTkYL0fnoUrQcrUT3oLXoCfQiegNtQ1+i3RjANDEmZoE5Yz4YB4vF0rBMTIbNwkqwMqwSq8Ea4HO+hrVhndhHnIgzcBbuDFdwJJ6E8/HJ+Cx8Cb4e34XX4qfwa/gjvAv/SqARTAhOBD8ClzCGkEWYQigmlBF2EA4TTsO91E54TyQSmUQ7ojfci6nEbOJ04hLiRuI+YhOxlfiE2E0ikYxITqQAUiyJR8onFZPWkfaQjpOuktpJPRqaGuYabhrhGmkaEo0ijTKN3RrHNK5qPNfoJWuTbch+5FiygDyNvIy8ndxAvkxuJ/dSdCh2lABKIiWbMpdSTqmhnKbcp7zV1NS01PTVHK0p1pyjWa65X/Oc5iPNj1RdqiOVQx1HVVCXUndSm6h3qG9pNJotLZiWRsunLaVV0U7SHtJ66Ay6C51LF9Bn0yvotfSr9FdaZC0bLbbWBK1CrTKtg1qXtTq1ydq22hxtnvYs7QrtI9q3tLt1GDrDdWJ18nSW6OzWOa/zQpeka6sbpivQna+7Tfek7hMGxrBicBh8xjzGdsZpRrseUc9Oj6uXrVeqt1evRa9LX1ffQz9Zf6p+hf5R/TYmxrRlcpm5zGXMA8ybzE8GpgZsA6HBYoMag6sGHwyHGAYbCg1LDPcZ3jD8ZMQyCjPKMVphVGf0wBg3djQebTzFeJPxaePOIXpD/Ifwh5QMOTDkrglq4mgSbzLdZJvJJZNuUzPTCFOp6TrTk6adZkyzYLNss9Vmx8w6zBnmgeZi89Xmx83/YOmz2KxcVjnrFKvLwsQi0kJhsdWixaLX0s4yybLIcp/lAyuKlY9VptVqq2arLmtz61HWM6yrre/akG18bEQ2a23O2nywtbNNsV1oW2f7ws7QjmtXaFdtd9+eZh9kP9m+0v66A9HBxyHHYaPDFUfU0dNR5FjheNkJdfJyEjttdGodShjqO1QytHLoLWeqM9u5wLna+ZEL0yXapcilzuXVMOthacNWDDs77Kurp2uu63bXe8N1h48cXjS8YfgbN0c3vluF23V3mnu4+2z3evfXHk4eQo9NHrc9GZ6jPBd6Nnt+8fL2knnVeHV4W3une2/wvuWj5xPns8TnnC/BN8R3tm+j70c/L798vwN+f/k7++f47/Z/McJuhHDE9hFPAiwDeAFbA9oCWYHpgVsC24IsgnhBlUGPg62CBcE7gp+zHdjZ7D3sVyGuIbKQwyEfOH6cmZymUCw0IrQktCVMNywpbH3Yw3DL8Kzw6vCuCM+I6RFNkYTIqMgVkbe4plw+t4rbNdJ75MyRp6KoUQlR66MeRztGy6IbRqGjRo5aNep+jE2MJKYuFsRyY1fFPoizi5sc9+to4ui40RWjn8UPj58RfzaBkTAxYXfC+8SQxGWJ95LskxRJzclayeOSq5I/pISmrExpGzNszMwxF1ONU8Wp9WmktOS0HWndY8PGrhnbPs5zXPG4m+Ptxk8df36C8YTcCUcnak3kTTyYTkhPSd+d/pkXy6vkdWdwMzZkdPE5/LX8l4JgwWpBhzBAuFL4PDMgc2Xmi6yArFVZHaIgUZmoU8wRrxe/zo7M3pz9ISc2Z2dOX25K7r48jbz0vCMSXUmO5NQks0lTJ7VKnaTF0rbJfpPXTO6SRcl2yBH5eHl9vh78qb+ksFcsUDwqCCyoKOiZkjzl4FSdqZKpl6Y5Tls87XlheOHP0/Hp/OnNMyxmzJ3xaCZ75tZZyKyMWc2zrWbPn90+J2LOrrmUuTlzfytyLVpZ9G5eyryG+abz58x/siBiQXUxvVhWfGuh/8LNi/BF4kUti90Xr1v8tURQcqHUtbSs9PMS/pILPw3/qfynvqWZS1uWeS3btJy4XLL85oqgFbtW6qwsXPlk1ahVtatZq0tWv1szcc35Mo+yzWspaxVr28qjy+vXWa9bvu7zetH6GxUhFfs2mGxYvOHDRsHGq5uCN9VsNt1cuvnTFvGW21sjttZW2laWbSNuK9j2bHvy9rM/+/xctcN4R+mOLzslO9t2xe86VeVdVbXbZPeyarRaUd2xZ9yeK3tD99bXONds3cfcV7of7Ffs/+OX9F9uHog60HzQ52DNIZtDGw4zDpfUIrXTarvqRHVt9an1rUdGHmlu8G84/KvLrzsbLRorjuofXXaMcmz+sb7jhce7m6RNnSeyTjxpnth87+SYk9dPjT7Vcjrq9Lkz4WdOnmWfPX4u4Fzjeb/zRy74XKi76HWx9pLnpcO/ef52uMWrpfay9+X6K75XGlpHtB67GnT1xLXQa2euc69fvBFzo/Vm0s3bt8bdarstuP3iTu6d13cL7vbem3OfcL/kgfaDsocmDyt/d/h9X5tX29FHoY8uPU54fO8J/8nLp/Knn9vnP6M9K3tu/rzqhduLxo7wjit/jP2j/aX0ZW9n8Z86f254Zf/q0F/Bf13qGtPV/lr2uu/NkrdGb3e+83jX3B3X/fB93vveDyU9Rj27Pvp8PPsp5dPz3imfSZ/Lvzh8afga9fV+X15fn5Qn4/X/CmCwoZmZALzZCQAtFQAGPLdRxqrOgv2CqM6v/Qj8J6w6L/aLFwA1sFP+xnOaANgPm+0cyB0MgPIXPjEYoO7ug00t8kx3NxUXFZ6ECD19fW9NASA1APBF1tfXu7Gv78t2GOwdAJomq86gSiHCM8OWQCW6YSiYA34Q1fn0uxx/7IEyAg/wY/8vmVePM1H8nv4AAAA4ZVhJZk1NACoAAAAIAAGHaQAEAAAAAQAAABoAAAAAAAKgAgAEAAAAAQAAAVSgAwAEAAAAAQAAAVQAAAAAsK6KPgAACCtJREFUeAHt00ERACAMA0HAv96+O+i4rYNsmjszxxEg0BN4vcgSEyDwBYzfHxCIChh/tHixCRi/HyAQFTD+aPFiEzB+P0AgKmD80eLFJmD8foBAVMD4o8WLTcD4/QCBqIDxR4sXm4Dx+wECUQHjjxYvNgHj9wMEogLGHy1ebALG7wcIRAWMP1q82ASM3w8QiAoYf7R4sQkYvx8gEBUw/mjxYhMwfj9AICpg/NHixSZg/H6AQFTA+KPFi03A+P0AgaiA8UeLF5uA8fsBAlEB448WLzYB4/cDBKICxh8tXmwCxu8HCEQFjD9avNgEjN8PEIgKGH+0eLEJGL8fIBAVMP5o8WITMH4/QCAqYPzR4sUmYPx+gEBUwPijxYtNwPj9AIGogPFHixebgPH7AQJRAeOPFi82AeP3AwSiAsYfLV5sAsbvBwhEBYw/WrzYBIzfDxCIChh/tHixCRi/HyAQFTD+aPFiEzB+P0AgKmD80eLFJmD8foBAVMD4o8WLTcD4/QCBqIDxR4sXm4Dx+wECUQHjjxYvNgHj9wMEogLGHy1ebALG7wcIRAWMP1q82ASM3w8QiAoYf7R4sQkYvx8gEBUw/mjxYhMwfj9AICpg/NHixSZg/H6AQFTA+KPFi03A+P0AgaiA8UeLF5uA8fsBAlEB448WLzYB4/cDBKICxh8tXmwCxu8HCEQFjD9avNgEjN8PEIgKGH+0eLEJGL8fIBAVMP5o8WITMH4/QCAqYPzR4sUmYPx+gEBUwPijxYtNwPj9AIGogPFHixebgPH7AQJRAeOPFi82AeP3AwSiAsYfLV5sAsbvBwhEBYw/WrzYBIzfDxCIChh/tHixCRi/HyAQFTD+aPFiEzB+P0AgKmD80eLFJmD8foBAVMD4o8WLTcD4/QCBqIDxR4sXm4Dx+wECUQHjjxYvNgHj9wMEogLGHy1ebALG7wcIRAWMP1q82ASM3w8QiAoYf7R4sQkYvx8gEBUw/mjxYhMwfj9AICpg/NHixSZg/H6AQFTA+KPFi03A+P0AgaiA8UeLF5uA8fsBAlEB448WLzYB4/cDBKICxh8tXmwCxu8HCEQFjD9avNgEjN8PEIgKGH+0eLEJGL8fIBAVMP5o8WITMH4/QCAqYPzR4sUmYPx+gEBUwPijxYtNwPj9AIGogPFHixebgPH7AQJRAeOPFi82AeP3AwSiAsYfLV5sAsbvBwhEBYw/WrzYBIzfDxCIChh/tHixCRi/HyAQFTD+aPFiEzB+P0AgKmD80eLFJmD8foBAVMD4o8WLTcD4/QCBqIDxR4sXm4Dx+wECUQHjjxYvNgHj9wMEogLGHy1ebALG7wcIRAWMP1q82ASM3w8QiAoYf7R4sQkYvx8gEBUw/mjxYhMwfj9AICpg/NHixSZg/H6AQFTA+KPFi03A+P0AgaiA8UeLF5uA8fsBAlEB448WLzYB4/cDBKICxh8tXmwCxu8HCEQFjD9avNgEjN8PEIgKGH+0eLEJGL8fIBAVMP5o8WITMH4/QCAqYPzR4sUmYPx+gEBUwPijxYtNwPj9AIGogPFHixebgPH7AQJRAeOPFi82AeP3AwSiAsYfLV5sAsbvBwhEBYw/WrzYBIzfDxCIChh/tHixCRi/HyAQFTD+aPFiEzB+P0AgKmD80eLFJmD8foBAVMD4o8WLTcD4/QCBqIDxR4sXm4Dx+wECUQHjjxYvNgHj9wMEogLGHy1ebALG7wcIRAWMP1q82ASM3w8QiAoYf7R4sQkYvx8gEBUw/mjxYhMwfj9AICpg/NHixSZg/H6AQFTA+KPFi03A+P0AgaiA8UeLF5uA8fsBAlEB448WLzYB4/cDBKICxh8tXmwCxu8HCEQFjD9avNgEjN8PEIgKGH+0eLEJGL8fIBAVMP5o8WITMH4/QCAqYPzR4sUmYPx+gEBUwPijxYtNwPj9AIGogPFHixebgPH7AQJRAeOPFi82AeP3AwSiAsYfLV5sAsbvBwhEBYw/WrzYBIzfDxCIChh/tHixCRi/HyAQFTD+aPFiEzB+P0AgKmD80eLFJmD8foBAVMD4o8WLTcD4/QCBqIDxR4sXm4Dx+wECUQHjjxYvNgHj9wMEogLGHy1ebALG7wcIRAWMP1q82ASM3w8QiAoYf7R4sQkYvx8gEBUw/mjxYhMwfj9AICpg/NHixSZg/H6AQFTA+KPFi03A+P0AgaiA8UeLF5uA8fsBAlEB448WLzYB4/cDBKICxh8tXmwCxu8HCEQFjD9avNgEjN8PEIgKGH+0eLEJGL8fIBAVMP5o8WITMH4/QCAqYPzR4sUmYPx+gEBUwPijxYtNwPj9AIGogPFHixebgPH7AQJRAeOPFi82AeP3AwSiAsYfLV5sAsbvBwhEBYw/WrzYBIzfDxCIChh/tHixCRi/HyAQFTD+aPFiEzB+P0AgKmD80eLFJmD8foBAVMD4o8WLTcD4/QCBqIDxR4sXm4Dx+wECUQHjjxYvNgHj9wMEogLGHy1ebALG7wcIRAWMP1q82ASM3w8QiAoYf7R4sQkYvx8gEBUw/mjxYhMwfj9AICpg/NHixSZg/H6AQFTA+KPFi03A+P0AgaiA8UeLF5uA8fsBAlEB448WLzYB4/cDBKICxh8tXmwCxu8HCEQFjD9avNgEjN8PEIgKGH+0eLEJGL8fIBAVMP5o8WITMH4/QCAqYPzR4sUmYPx+gEBUwPijxYtNwPj9AIGogPFHixebgPH7AQJRAeOPFi82AeP3AwSiAsYfLV5sAsbvBwhEBYw/WrzYBIzfDxCIChh/tHixCSyuBAWKlHKy/QAAAABJRU5ErkJggg==",//www.lazada.com.my/products/le-men-classic-jeans-regular-fit-denim-jeans-seluar-panjang-jeans-lelaki-i3377166836.html
Women Palazzo Jeans Loose High Waist Korean Casual Jeans Plus Size Fashion Seluar Jeans Wanita Mopping Pants Seluar Jeans Perempuan White,22.53,25% Off,https://lzd-img-global.slatic.net/g/p/fd85c96b85a59d0e4ab27255da85ebc3.jpg_400x400q75.jpg_.webp,//www.lazada.com.my/products/women-palazzo-jeans-loose-high-waist-korean-casual-jeans-plus-size-fashion-seluar-jeans-wanita-mopping-pants-seluar-jeans-perempuan-white-i2755884886.html
READY STOCK JEANS PAINT STRETCHABLE MAN SLIM FIT JEANS PAINT STRETCHABLE,21.87,9% Off,"data:image/png;base64,iVBORw0KGgoAAAANSUhEUgAAAVQAAAFUCAIAAAD08FPiAAAMa2lDQ1BJQ0MgUHJvZmlsZQAASImVVwdYU8kWnluSkJCEEghFSuhNEOlFSggtgoBUwUZIAgklxoSgYkdFBdcuoljRVRFF1wLIoiL2sij2vlhQWVkXC4qi8iYkoOu+8r3zfXPnv2fO/KfcmXvvAKDVw5NKc1FtAPIk+bL4iBDWmNQ0FukZQAAOKIAOdHh8uZQdFxcNoAz0f5f3N6E1lGvOSq5/jv9X0RUI5XwAkHEQZwjk/DyImwDAN/ClsnwAiEq91ZR8qRLPgVhPBgOEeLUSZ6nwLiXOUOHGfpvEeA7EVwDQoPJ4siwA6PehnlXAz4I89M8Qu0oEYgkAWkMhDuSLeAKIlbEPzcubpMTlENtDeynEMB7gk/EdZ9bf+DMG+Xm8rEGsyqtfNELFcmkub9r/WZr/LXm5igEftrBRRbLIeGX+sIa3cyZFKTEV4k5JRkysstYQ94gFqroDgFJEisgklT1qwpdzYP0AE2JXAS80CmITiMMluTHRan1GpjicCzFcLehUcT43EWJDiBcJ5WEJapstsknxal9obaaMw1brz/Fk/X6Vvh4qcpLYav43IiFXzY/RC0WJKRBTILYuECfHQEyH2EWekxClthlRKOLEDNjIFPHK+K0hjhdKIkJU/FhBpiw8Xm1fkicfyBfbIhJzY9T4QL4oMVJVH+wUn9cfP8wFuyKUsJMGeITyMdEDuQiEoWGq3LEXQklSgpqnR5ofEq+ai1OkuXFqe9xSmBuh1FtC7CEvSFDPxZPz4eJU8eOZ0vy4RFWceGE2b2ScKh58OYgGHBAKWEABWwaYBLKBuKWzrhPeqUbCAQ/IQBYQAme1ZmBGSv+IBF4TQCH4EyIhkA/OC+kfFYICqP8yqFVdnUFm/2hB/4wc8AziPBAFcuG9on+WZNBbMngKNeJ/eOfBxofx5sKmHP/3+gHtNw0baqLVGsWAR5bWgCUxjBhKjCSGEx1wYzwQ98ej4TUYNjfcB/cdyOObPeEZoZXwmHCD0Ea4M1FcJPshylGgDfKHq2uR8X0tcFvI6YmH4AGQHTLjTNwYOOMe0A8bD4KePaGWo45bWRXWD9x/y+C7p6G2I7uSUbIBOZhs/+NMuiPdc5BFWevv66OKNWOw3pzBkR/9c76rvgD2UT9aYouwg9hZ7AR2HmvE6gALO47VY5ewo0o8uLqe9q+uAW/x/fHkQB7xP/zx1D6VlZS7Vrt2uH5WjeULp+YrNx5nknSaTJwlymex4ddByOJK+C5DWW6ubm4AKL81qtfXW2b/NwRhXvimK3oHQICgr6+v8ZsuGu71Qwvg9n/2TWd3DL4mDAA4V8pXyApUOlx5IcC3hBbcaUbADFgBe5iPG/AC/iAYhIGRIBYkglQwAVZZBNe5DEwBM8BcUAxKwXKwBqwHm8E2sAvsBQdAHWgEJ8AZcBFcATfAPbh62sFL0AXeg14EQUgIDWEgRog5YoM4IW6IDxKIhCHRSDySiqQjWYgEUSAzkHlIKbISWY9sRaqQX5AjyAnkPNKK3EEeIR3IG+QTiqFUVA81RW3RYagPykaj0ER0PJqFTkYL0fnoUrQcrUT3oLXoCfQiegNtQ1+i3RjANDEmZoE5Yz4YB4vF0rBMTIbNwkqwMqwSq8Ea4HO+hrVhndhHnIgzcBbuDFdwJJ6E8/HJ+Cx8Cb4e34XX4qfwa/gjvAv/SqARTAhOBD8ClzCGkEWYQigmlBF2EA4TTsO91E54TyQSmUQ7ojfci6nEbOJ04hLiRuI+YhOxlfiE2E0ikYxITqQAUiyJR8onFZPWkfaQjpOuktpJPRqaGuYabhrhGmkaEo0ijTKN3RrHNK5qPNfoJWuTbch+5FiygDyNvIy8ndxAvkxuJ/dSdCh2lABKIiWbMpdSTqmhnKbcp7zV1NS01PTVHK0p1pyjWa65X/Oc5iPNj1RdqiOVQx1HVVCXUndSm6h3qG9pNJotLZiWRsunLaVV0U7SHtJ66Ay6C51LF9Bn0yvotfSr9FdaZC0bLbbWBK1CrTKtg1qXtTq1ydq22hxtnvYs7QrtI9q3tLt1GDrDdWJ18nSW6OzWOa/zQpeka6sbpivQna+7Tfek7hMGxrBicBh8xjzGdsZpRrseUc9Oj6uXrVeqt1evRa9LX1ffQz9Zf6p+hf5R/TYmxrRlcpm5zGXMA8ybzE8GpgZsA6HBYoMag6sGHwyHGAYbCg1LDPcZ3jD8ZMQyCjPKMVphVGf0wBg3djQebTzFeJPxaePOIXpD/Ifwh5QMOTDkrglq4mgSbzLdZJvJJZNuUzPTCFOp6TrTk6adZkyzYLNss9Vmx8w6zBnmgeZi89Xmx83/YOmz2KxcVjnrFKvLwsQi0kJhsdWixaLX0s4yybLIcp/lAyuKlY9VptVqq2arLmtz61HWM6yrre/akG18bEQ2a23O2nywtbNNsV1oW2f7ws7QjmtXaFdtd9+eZh9kP9m+0v66A9HBxyHHYaPDFUfU0dNR5FjheNkJdfJyEjttdGodShjqO1QytHLoLWeqM9u5wLna+ZEL0yXapcilzuXVMOthacNWDDs77Kurp2uu63bXe8N1h48cXjS8YfgbN0c3vluF23V3mnu4+2z3evfXHk4eQo9NHrc9GZ6jPBd6Nnt+8fL2knnVeHV4W3une2/wvuWj5xPns8TnnC/BN8R3tm+j70c/L798vwN+f/k7++f47/Z/McJuhHDE9hFPAiwDeAFbA9oCWYHpgVsC24IsgnhBlUGPg62CBcE7gp+zHdjZ7D3sVyGuIbKQwyEfOH6cmZymUCw0IrQktCVMNywpbH3Yw3DL8Kzw6vCuCM+I6RFNkYTIqMgVkbe4plw+t4rbNdJ75MyRp6KoUQlR66MeRztGy6IbRqGjRo5aNep+jE2MJKYuFsRyY1fFPoizi5sc9+to4ui40RWjn8UPj58RfzaBkTAxYXfC+8SQxGWJ95LskxRJzclayeOSq5I/pISmrExpGzNszMwxF1ONU8Wp9WmktOS0HWndY8PGrhnbPs5zXPG4m+Ptxk8df36C8YTcCUcnak3kTTyYTkhPSd+d/pkXy6vkdWdwMzZkdPE5/LX8l4JgwWpBhzBAuFL4PDMgc2Xmi6yArFVZHaIgUZmoU8wRrxe/zo7M3pz9ISc2Z2dOX25K7r48jbz0vCMSXUmO5NQks0lTJ7VKnaTF0rbJfpPXTO6SRcl2yBH5eHl9vh78qb+ksFcsUDwqCCyoKOiZkjzl4FSdqZKpl6Y5Tls87XlheOHP0/Hp/OnNMyxmzJ3xaCZ75tZZyKyMWc2zrWbPn90+J2LOrrmUuTlzfytyLVpZ9G5eyryG+abz58x/siBiQXUxvVhWfGuh/8LNi/BF4kUti90Xr1v8tURQcqHUtbSs9PMS/pILPw3/qfynvqWZS1uWeS3btJy4XLL85oqgFbtW6qwsXPlk1ahVtatZq0tWv1szcc35Mo+yzWspaxVr28qjy+vXWa9bvu7zetH6GxUhFfs2mGxYvOHDRsHGq5uCN9VsNt1cuvnTFvGW21sjttZW2laWbSNuK9j2bHvy9rM/+/xctcN4R+mOLzslO9t2xe86VeVdVbXbZPeyarRaUd2xZ9yeK3tD99bXONds3cfcV7of7Ffs/+OX9F9uHog60HzQ52DNIZtDGw4zDpfUIrXTarvqRHVt9an1rUdGHmlu8G84/KvLrzsbLRorjuofXXaMcmz+sb7jhce7m6RNnSeyTjxpnth87+SYk9dPjT7Vcjrq9Lkz4WdOnmWfPX4u4Fzjeb/zRy74XKi76HWx9pLnpcO/ef52uMWrpfay9+X6K75XGlpHtB67GnT1xLXQa2euc69fvBFzo/Vm0s3bt8bdarstuP3iTu6d13cL7vbem3OfcL/kgfaDsocmDyt/d/h9X5tX29FHoY8uPU54fO8J/8nLp/Knn9vnP6M9K3tu/rzqhduLxo7wjit/jP2j/aX0ZW9n8Z86f254Zf/q0F/Bf13qGtPV/lr2uu/NkrdGb3e+83jX3B3X/fB93vveDyU9Rj27Pvp8PPsp5dPz3imfSZ/Lvzh8afga9fV+X15fn5Qn4/X/CmCwoZmZALzZCQAtFQAGPLdRxqrOgv2CqM6v/Qj8J6w6L/aLFwA1sFP+xnOaANgPm+0cyB0MgPIXPjEYoO7ug00t8kx3NxUXFZ6ECD19fW9NASA1APBF1tfXu7Gv78t2GOwdAJomq86gSiHCM8OWQCW6YSiYA34Q1fn0uxx/7IEyAg/wY/8vmVePM1H8nv4AAAA4ZVhJZk1NACoAAAAIAAGHaQAEAAAAAQAAABoAAAAAAAKgAgAEAAAAAQAAAVSgAwAEAAAAAQAAAVQAAAAAsK6KPgAACCtJREFUeAHt00ERACAMA0HAv96+O+i4rYNsmjszxxEg0BN4vcgSEyDwBYzfHxCIChh/tHixCRi/HyAQFTD+aPFiEzB+P0AgKmD80eLFJmD8foBAVMD4o8WLTcD4/QCBqIDxR4sXm4Dx+wECUQHjjxYvNgHj9wMEogLGHy1ebALG7wcIRAWMP1q82ASM3w8QiAoYf7R4sQkYvx8gEBUw/mjxYhMwfj9AICpg/NHixSZg/H6AQFTA+KPFi03A+P0AgaiA8UeLF5uA8fsBAlEB448WLzYB4/cDBKICxh8tXmwCxu8HCEQFjD9avNgEjN8PEIgKGH+0eLEJGL8fIBAVMP5o8WITMH4/QCAqYPzR4sUmYPx+gEBUwPijxYtNwPj9AIGogPFHixebgPH7AQJRAeOPFi82AeP3AwSiAsYfLV5sAsbvBwhEBYw/WrzYBIzfDxCIChh/tHixCRi/HyAQFTD+aPFiEzB+P0AgKmD80eLFJmD8foBAVMD4o8WLTcD4/QCBqIDxR4sXm4Dx+wECUQHjjxYvNgHj9wMEogLGHy1ebALG7wcIRAWMP1q82ASM3w8QiAoYf7R4sQkYvx8gEBUw/mjxYhMwfj9AICpg/NHixSZg/H6AQFTA+KPFi03A+P0AgaiA8UeLF5uA8fsBAlEB448WLzYB4/cDBKICxh8tXmwCxu8HCEQFjD9avNgEjN8PEIgKGH+0eLEJGL8fIBAVMP5o8WITMH4/QCAqYPzR4sUmYPx+gEBUwPijxYtNwPj9AIGogPFHixebgPH7AQJRAeOPFi82AeP3AwSiAsYfLV5sAsbvBwhEBYw/WrzYBIzfDxCIChh/tHixCRi/HyAQFTD+aPFiEzB+P0AgKmD80eLFJmD8foBAVMD4o8WLTcD4/QCBqIDxR4sXm4Dx+wECUQHjjxYvNgHj9wMEogLGHy1ebALG7wcIRAWMP1q82ASM3w8QiAoYf7R4sQkYvx8gEBUw/mjxYhMwfj9AICpg/NHixSZg/H6AQFTA+KPFi03A+P0AgaiA8UeLF5uA8fsBAlEB448WLzYB4/cDBKICxh8tXmwCxu8HCEQFjD9avNgEjN8PEIgKGH+0eLEJGL8fIBAVMP5o8WITMH4/QCAqYPzR4sUmYPx+gEBUwPijxYtNwPj9AIGogPFHixebgPH7AQJRAeOPFi82AeP3AwSiAsYfLV5sAsbvBwhEBYw/WrzYBIzfDxCIChh/tHixCRi/HyAQFTD+aPFiEzB+P0AgKmD80eLFJmD8foBAVMD4o8WLTcD4/QCBqIDxR4sXm4Dx+wECUQHjjxYvNgHj9wMEogLGHy1ebALG7wcIRAWMP1q82ASM3w8QiAoYf7R4sQkYvx8gEBUw/mjxYhMwfj9AICpg/NHixSZg/H6AQFTA+KPFi03A+P0AgaiA8UeLF5uA8fsBAlEB448WLzYB4/cDBKICxh8tXmwCxu8HCEQFjD9avNgEjN8PEIgKGH+0eLEJGL8fIBAVMP5o8WITMH4/QCAqYPzR4sUmYPx+gEBUwPijxYtNwPj9AIGogPFHixebgPH7AQJRAeOPFi82AeP3AwSiAsYfLV5sAsbvBwhEBYw/WrzYBIzfDxCIChh/tHixCRi/HyAQFTD+aPFiEzB+P0AgKmD80eLFJmD8foBAVMD4o8WLTcD4/QCBqIDxR4sXm4Dx+wECUQHjjxYvNgHj9wMEogLGHy1ebALG7wcIRAWMP1q82ASM3w8QiAoYf7R4sQkYvx8gEBUw/mjxYhMwfj9AICpg/NHixSZg/H6AQFTA+KPFi03A+P0AgaiA8UeLF5uA8fsBAlEB448WLzYB4/cDBKICxh8tXmwCxu8HCEQFjD9avNgEjN8PEIgKGH+0eLEJGL8fIBAVMP5o8WITMH4/QCAqYPzR4sUmYPx+gEBUwPijxYtNwPj9AIGogPFHixebgPH7AQJRAeOPFi82AeP3AwSiAsYfLV5sAsbvBwhEBYw/WrzYBIzfDxCIChh/tHixCRi/HyAQFTD+aPFiEzB+P0AgKmD80eLFJmD8foBAVMD4o8WLTcD4/QCBqIDxR4sXm4Dx+wECUQHjjxYvNgHj9wMEogLGHy1ebALG7wcIRAWMP1q82ASM3w8QiAoYf7R4sQkYvx8gEBUw/mjxYhMwfj9AICpg/NHixSZg/H6AQFTA+KPFi03A+P0AgaiA8UeLF5uA8fsBAlEB448WLzYB4/cDBKICxh8tXmwCxu8HCEQFjD9avNgEjN8PEIgKGH+0eLEJGL8fIBAVMP5o8WITMH4/QCAqYPzR4sUmYPx+gEBUwPijxYtNwPj9AIGogPFHixebgPH7AQJRAeOPFi82AeP3AwSiAsYfLV5sAsbvBwhEBYw/WrzYBIzfDxCIChh/tHixCRi/HyAQFTD+aPFiEzB+P0AgKmD80eLFJmD8foBAVMD4o8WLTcD4/QCBqIDxR4sXm4Dx+wECUQHjjxYvNgHj9wMEogLGHy1ebALG7wcIRAWMP1q82ASM3w8QiAoYf7R4sQkYvx8gEBUw/mjxYhMwfj9AICpg/NHixSZg/H6AQFTA+KPFi03A+P0AgaiA8UeLF5uA8fsBAlEB448WLzYB4/cDBKICxh8tXmwCxu8HCEQFjD9avNgEjN8PEIgKGH+0eLEJGL8fIBAVMP5o8WITMH4/QCAqYPzR4sUmYPx+gEBUwPijxYtNwPj9AIGogPFHixebgPH7AQJRAeOPFi82AeP3AwSiAsYfLV5sAsbvBwhEBYw/WrzYBIzfDxCIChh/tHixCSyuBAWKlHKy/QAAAABJRU5ErkJggg==",//www.lazada.com.my/products/ready-stock-jeans-paint-stretchable-man-slim-fit-jeans-paint-stretchable-i3688367390.html
145 Little Sized Man Cropped Wide-Leg Pants for Women 150 High Waist Slimming and Straight Mop Denim Pants XS,21.25,52% Off,"data:image/png;base64,iVBORw0KGgoAAAANSUhEUgAAAVQAAAFUCAIAAAD08FPiAAAMa2lDQ1BJQ0MgUHJvZmlsZQAASImVVwdYU8kWnluSkJCEEghFSuhNEOlFSggtgoBUwUZIAgklxoSgYkdFBdcuoljRVRFF1wLIoiL2sij2vlhQWVkXC4qi8iYkoOu+8r3zfXPnv2fO/KfcmXvvAKDVw5NKc1FtAPIk+bL4iBDWmNQ0FukZQAAOKIAOdHh8uZQdFxcNoAz0f5f3N6E1lGvOSq5/jv9X0RUI5XwAkHEQZwjk/DyImwDAN/ClsnwAiEq91ZR8qRLPgVhPBgOEeLUSZ6nwLiXOUOHGfpvEeA7EVwDQoPJ4siwA6PehnlXAz4I89M8Qu0oEYgkAWkMhDuSLeAKIlbEPzcubpMTlENtDeynEMB7gk/EdZ9bf+DMG+Xm8rEGsyqtfNELFcmkub9r/WZr/LXm5igEftrBRRbLIeGX+sIa3cyZFKTEV4k5JRkysstYQ94gFqroDgFJEisgklT1qwpdzYP0AE2JXAS80CmITiMMluTHRan1GpjicCzFcLehUcT43EWJDiBcJ5WEJapstsknxal9obaaMw1brz/Fk/X6Vvh4qcpLYav43IiFXzY/RC0WJKRBTILYuECfHQEyH2EWekxClthlRKOLEDNjIFPHK+K0hjhdKIkJU/FhBpiw8Xm1fkicfyBfbIhJzY9T4QL4oMVJVH+wUn9cfP8wFuyKUsJMGeITyMdEDuQiEoWGq3LEXQklSgpqnR5ofEq+ai1OkuXFqe9xSmBuh1FtC7CEvSFDPxZPz4eJU8eOZ0vy4RFWceGE2b2ScKh58OYgGHBAKWEABWwaYBLKBuKWzrhPeqUbCAQ/IQBYQAme1ZmBGSv+IBF4TQCH4EyIhkA/OC+kfFYICqP8yqFVdnUFm/2hB/4wc8AziPBAFcuG9on+WZNBbMngKNeJ/eOfBxofx5sKmHP/3+gHtNw0baqLVGsWAR5bWgCUxjBhKjCSGEx1wYzwQ98ej4TUYNjfcB/cdyOObPeEZoZXwmHCD0Ea4M1FcJPshylGgDfKHq2uR8X0tcFvI6YmH4AGQHTLjTNwYOOMe0A8bD4KePaGWo45bWRXWD9x/y+C7p6G2I7uSUbIBOZhs/+NMuiPdc5BFWevv66OKNWOw3pzBkR/9c76rvgD2UT9aYouwg9hZ7AR2HmvE6gALO47VY5ewo0o8uLqe9q+uAW/x/fHkQB7xP/zx1D6VlZS7Vrt2uH5WjeULp+YrNx5nknSaTJwlymex4ddByOJK+C5DWW6ubm4AKL81qtfXW2b/NwRhXvimK3oHQICgr6+v8ZsuGu71Qwvg9n/2TWd3DL4mDAA4V8pXyApUOlx5IcC3hBbcaUbADFgBe5iPG/AC/iAYhIGRIBYkglQwAVZZBNe5DEwBM8BcUAxKwXKwBqwHm8E2sAvsBQdAHWgEJ8AZcBFcATfAPbh62sFL0AXeg14EQUgIDWEgRog5YoM4IW6IDxKIhCHRSDySiqQjWYgEUSAzkHlIKbISWY9sRaqQX5AjyAnkPNKK3EEeIR3IG+QTiqFUVA81RW3RYagPykaj0ER0PJqFTkYL0fnoUrQcrUT3oLXoCfQiegNtQ1+i3RjANDEmZoE5Yz4YB4vF0rBMTIbNwkqwMqwSq8Ea4HO+hrVhndhHnIgzcBbuDFdwJJ6E8/HJ+Cx8Cb4e34XX4qfwa/gjvAv/SqARTAhOBD8ClzCGkEWYQigmlBF2EA4TTsO91E54TyQSmUQ7ojfci6nEbOJ04hLiRuI+YhOxlfiE2E0ikYxITqQAUiyJR8onFZPWkfaQjpOuktpJPRqaGuYabhrhGmkaEo0ijTKN3RrHNK5qPNfoJWuTbch+5FiygDyNvIy8ndxAvkxuJ/dSdCh2lABKIiWbMpdSTqmhnKbcp7zV1NS01PTVHK0p1pyjWa65X/Oc5iPNj1RdqiOVQx1HVVCXUndSm6h3qG9pNJotLZiWRsunLaVV0U7SHtJ66Ay6C51LF9Bn0yvotfSr9FdaZC0bLbbWBK1CrTKtg1qXtTq1ydq22hxtnvYs7QrtI9q3tLt1GDrDdWJ18nSW6OzWOa/zQpeka6sbpivQna+7Tfek7hMGxrBicBh8xjzGdsZpRrseUc9Oj6uXrVeqt1evRa9LX1ffQz9Zf6p+hf5R/TYmxrRlcpm5zGXMA8ybzE8GpgZsA6HBYoMag6sGHwyHGAYbCg1LDPcZ3jD8ZMQyCjPKMVphVGf0wBg3djQebTzFeJPxaePOIXpD/Ifwh5QMOTDkrglq4mgSbzLdZJvJJZNuUzPTCFOp6TrTk6adZkyzYLNss9Vmx8w6zBnmgeZi89Xmx83/YOmz2KxcVjnrFKvLwsQi0kJhsdWixaLX0s4yybLIcp/lAyuKlY9VptVqq2arLmtz61HWM6yrre/akG18bEQ2a23O2nywtbNNsV1oW2f7ws7QjmtXaFdtd9+eZh9kP9m+0v66A9HBxyHHYaPDFUfU0dNR5FjheNkJdfJyEjttdGodShjqO1QytHLoLWeqM9u5wLna+ZEL0yXapcilzuXVMOthacNWDDs77Kurp2uu63bXe8N1h48cXjS8YfgbN0c3vluF23V3mnu4+2z3evfXHk4eQo9NHrc9GZ6jPBd6Nnt+8fL2knnVeHV4W3une2/wvuWj5xPns8TnnC/BN8R3tm+j70c/L798vwN+f/k7++f47/Z/McJuhHDE9hFPAiwDeAFbA9oCWYHpgVsC24IsgnhBlUGPg62CBcE7gp+zHdjZ7D3sVyGuIbKQwyEfOH6cmZymUCw0IrQktCVMNywpbH3Yw3DL8Kzw6vCuCM+I6RFNkYTIqMgVkbe4plw+t4rbNdJ75MyRp6KoUQlR66MeRztGy6IbRqGjRo5aNep+jE2MJKYuFsRyY1fFPoizi5sc9+to4ui40RWjn8UPj58RfzaBkTAxYXfC+8SQxGWJ95LskxRJzclayeOSq5I/pISmrExpGzNszMwxF1ONU8Wp9WmktOS0HWndY8PGrhnbPs5zXPG4m+Ptxk8df36C8YTcCUcnak3kTTyYTkhPSd+d/pkXy6vkdWdwMzZkdPE5/LX8l4JgwWpBhzBAuFL4PDMgc2Xmi6yArFVZHaIgUZmoU8wRrxe/zo7M3pz9ISc2Z2dOX25K7r48jbz0vCMSXUmO5NQks0lTJ7VKnaTF0rbJfpPXTO6SRcl2yBH5eHl9vh78qb+ksFcsUDwqCCyoKOiZkjzl4FSdqZKpl6Y5Tls87XlheOHP0/Hp/OnNMyxmzJ3xaCZ75tZZyKyMWc2zrWbPn90+J2LOrrmUuTlzfytyLVpZ9G5eyryG+abz58x/siBiQXUxvVhWfGuh/8LNi/BF4kUti90Xr1v8tURQcqHUtbSs9PMS/pILPw3/qfynvqWZS1uWeS3btJy4XLL85oqgFbtW6qwsXPlk1ahVtatZq0tWv1szcc35Mo+yzWspaxVr28qjy+vXWa9bvu7zetH6GxUhFfs2mGxYvOHDRsHGq5uCN9VsNt1cuvnTFvGW21sjttZW2laWbSNuK9j2bHvy9rM/+/xctcN4R+mOLzslO9t2xe86VeVdVbXbZPeyarRaUd2xZ9yeK3tD99bXONds3cfcV7of7Ffs/+OX9F9uHog60HzQ52DNIZtDGw4zDpfUIrXTarvqRHVt9an1rUdGHmlu8G84/KvLrzsbLRorjuofXXaMcmz+sb7jhce7m6RNnSeyTjxpnth87+SYk9dPjT7Vcjrq9Lkz4WdOnmWfPX4u4Fzjeb/zRy74XKi76HWx9pLnpcO/ef52uMWrpfay9+X6K75XGlpHtB67GnT1xLXQa2euc69fvBFzo/Vm0s3bt8bdarstuP3iTu6d13cL7vbem3OfcL/kgfaDsocmDyt/d/h9X5tX29FHoY8uPU54fO8J/8nLp/Knn9vnP6M9K3tu/rzqhduLxo7wjit/jP2j/aX0ZW9n8Z86f254Zf/q0F/Bf13qGtPV/lr2uu/NkrdGb3e+83jX3B3X/fB93vveDyU9Rj27Pvp8PPsp5dPz3imfSZ/Lvzh8afga9fV+X15fn5Qn4/X/CmCwoZmZALzZCQAtFQAGPLdRxqrOgv2CqM6v/Qj8J6w6L/aLFwA1sFP+xnOaANgPm+0cyB0MgPIXPjEYoO7ug00t8kx3NxUXFZ6ECD19fW9NASA1APBF1tfXu7Gv78t2GOwdAJomq86gSiHCM8OWQCW6YSiYA34Q1fn0uxx/7IEyAg/wY/8vmVePM1H8nv4AAAA4ZVhJZk1NACoAAAAIAAGHaQAEAAAAAQAAABoAAAAAAAKgAgAEAAAAAQAAAVSgAwAEAAAAAQAAAVQAAAAAsK6KPgAACCtJREFUeAHt00ERACAMA0HAv96+O+i4rYNsmjszxxEg0BN4vcgSEyDwBYzfHxCIChh/tHixCRi/HyAQFTD+aPFiEzB+P0AgKmD80eLFJmD8foBAVMD4o8WLTcD4/QCBqIDxR4sXm4Dx+wECUQHjjxYvNgHj9wMEogLGHy1ebALG7wcIRAWMP1q82ASM3w8QiAoYf7R4sQkYvx8gEBUw/mjxYhMwfj9AICpg/NHixSZg/H6AQFTA+KPFi03A+P0AgaiA8UeLF5uA8fsBAlEB448WLzYB4/cDBKICxh8tXmwCxu8HCEQFjD9avNgEjN8PEIgKGH+0eLEJGL8fIBAVMP5o8WITMH4/QCAqYPzR4sUmYPx+gEBUwPijxYtNwPj9AIGogPFHixebgPH7AQJRAeOPFi82AeP3AwSiAsYfLV5sAsbvBwhEBYw/WrzYBIzfDxCIChh/tHixCRi/HyAQFTD+aPFiEzB+P0AgKmD80eLFJmD8foBAVMD4o8WLTcD4/QCBqIDxR4sXm4Dx+wECUQHjjxYvNgHj9wMEogLGHy1ebALG7wcIRAWMP1q82ASM3w8QiAoYf7R4sQkYvx8gEBUw/mjxYhMwfj9AICpg/NHixSZg/H6AQFTA+KPFi03A+P0AgaiA8UeLF5uA8fsBAlEB448WLzYB4/cDBKICxh8tXmwCxu8HCEQFjD9avNgEjN8PEIgKGH+0eLEJGL8fIBAVMP5o8WITMH4/QCAqYPzR4sUmYPx+gEBUwPijxYtNwPj9AIGogPFHixebgPH7AQJRAeOPFi82AeP3AwSiAsYfLV5sAsbvBwhEBYw/WrzYBIzfDxCIChh/tHixCRi/HyAQFTD+aPFiEzB+P0AgKmD80eLFJmD8foBAVMD4o8WLTcD4/QCBqIDxR4sXm4Dx+wECUQHjjxYvNgHj9wMEogLGHy1ebALG7wcIRAWMP1q82ASM3w8QiAoYf7R4sQkYvx8gEBUw/mjxYhMwfj9AICpg/NHixSZg/H6AQFTA+KPFi03A+P0AgaiA8UeLF5uA8fsBAlEB448WLzYB4/cDBKICxh8tXmwCxu8HCEQFjD9avNgEjN8PEIgKGH+0eLEJGL8fIBAVMP5o8WITMH4/QCAqYPzR4sUmYPx+gEBUwPijxYtNwPj9AIGogPFHixebgPH7AQJRAeOPFi82AeP3AwSiAsYfLV5sAsbvBwhEBYw/WrzYBIzfDxCIChh/tHixCRi/HyAQFTD+aPFiEzB+P0AgKmD80eLFJmD8foBAVMD4o8WLTcD4/QCBqIDxR4sXm4Dx+wECUQHjjxYvNgHj9wMEogLGHy1ebALG7wcIRAWMP1q82ASM3w8QiAoYf7R4sQkYvx8gEBUw/mjxYhMwfj9AICpg/NHixSZg/H6AQFTA+KPFi03A+P0AgaiA8UeLF5uA8fsBAlEB448WLzYB4/cDBKICxh8tXmwCxu8HCEQFjD9avNgEjN8PEIgKGH+0eLEJGL8fIBAVMP5o8WITMH4/QCAqYPzR4sUmYPx+gEBUwPijxYtNwPj9AIGogPFHixebgPH7AQJRAeOPFi82AeP3AwSiAsYfLV5sAsbvBwhEBYw/WrzYBIzfDxCIChh/tHixCRi/HyAQFTD+aPFiEzB+P0AgKmD80eLFJmD8foBAVMD4o8WLTcD4/QCBqIDxR4sXm4Dx+wECUQHjjxYvNgHj9wMEogLGHy1ebALG7wcIRAWMP1q82ASM3w8QiAoYf7R4sQkYvx8gEBUw/mjxYhMwfj9AICpg/NHixSZg/H6AQFTA+KPFi03A+P0AgaiA8UeLF5uA8fsBAlEB448WLzYB4/cDBKICxh8tXmwCxu8HCEQFjD9avNgEjN8PEIgKGH+0eLEJGL8fIBAVMP5o8WITMH4/QCAqYPzR4sUmYPx+gEBUwPijxYtNwPj9AIGogPFHixebgPH7AQJRAeOPFi82AeP3AwSiAsYfLV5sAsbvBwhEBYw/WrzYBIzfDxCIChh/tHixCRi/HyAQFTD+aPFiEzB+P0AgKmD80eLFJmD8foBAVMD4o8WLTcD4/QCBqIDxR4sXm4Dx+wECUQHjjxYvNgHj9wMEogLGHy1ebALG7wcIRAWMP1q82ASM3w8QiAoYf7R4sQkYvx8gEBUw/mjxYhMwfj9AICpg/NHixSZg/H6AQFTA+KPFi03A+P0AgaiA8UeLF5uA8fsBAlEB448WLzYB4/cDBKICxh8tXmwCxu8HCEQFjD9avNgEjN8PEIgKGH+0eLEJGL8fIBAVMP5o8WITMH4/QCAqYPzR4sUmYPx+gEBUwPijxYtNwPj9AIGogPFHixebgPH7AQJRAeOPFi82AeP3AwSiAsYfLV5sAsbvBwhEBYw/WrzYBIzfDxCIChh/tHixCRi/HyAQFTD+aPFiEzB+P0AgKmD80eLFJmD8foBAVMD4o8WLTcD4/QCBqIDxR4sXm4Dx+wECUQHjjxYvNgHj9wMEogLGHy1ebALG7wcIRAWMP1q82ASM3w8QiAoYf7R4sQkYvx8gEBUw/mjxYhMwfj9AICpg/NHixSZg/H6AQFTA+KPFi03A+P0AgaiA8UeLF5uA8fsBAlEB448WLzYB4/cDBKICxh8tXmwCxu8HCEQFjD9avNgEjN8PEIgKGH+0eLEJGL8fIBAVMP5o8WITMH4/QCAqYPzR4sUmYPx+gEBUwPijxYtNwPj9AIGogPFHixebgPH7AQJRAeOPFi82AeP3AwSiAsYfLV5sAsbvBwhEBYw/WrzYBIzfDxCIChh/tHixCSyuBAWKlHKy/QAAAABJRU5ErkJggg==",//www.lazada.com.my/products/145-little-sized-man-cropped-wide-leg-pants-for-women-150-high-waist-slimming-and-straight-mop-denim-pants-xs-i3897758682.html
Mom Fit Jeans Pants Acid Wash High Quality Ready Stoke ðŸ”¥ðŸ”¥,20.99,58% Off,"data:image/png;base64,iVBORw0KGgoAAAANSUhEUgAAAVQAAAFUCAIAAAD08FPiAAAMa2lDQ1BJQ0MgUHJvZmlsZQAASImVVwdYU8kWnluSkJCEEghFSuhNEOlFSggtgoBUwUZIAgklxoSgYkdFBdcuoljRVRFF1wLIoiL2sij2vlhQWVkXC4qi8iYkoOu+8r3zfXPnv2fO/KfcmXvvAKDVw5NKc1FtAPIk+bL4iBDWmNQ0FukZQAAOKIAOdHh8uZQdFxcNoAz0f5f3N6E1lGvOSq5/jv9X0RUI5XwAkHEQZwjk/DyImwDAN/ClsnwAiEq91ZR8qRLPgVhPBgOEeLUSZ6nwLiXOUOHGfpvEeA7EVwDQoPJ4siwA6PehnlXAz4I89M8Qu0oEYgkAWkMhDuSLeAKIlbEPzcubpMTlENtDeynEMB7gk/EdZ9bf+DMG+Xm8rEGsyqtfNELFcmkub9r/WZr/LXm5igEftrBRRbLIeGX+sIa3cyZFKTEV4k5JRkysstYQ94gFqroDgFJEisgklT1qwpdzYP0AE2JXAS80CmITiMMluTHRan1GpjicCzFcLehUcT43EWJDiBcJ5WEJapstsknxal9obaaMw1brz/Fk/X6Vvh4qcpLYav43IiFXzY/RC0WJKRBTILYuECfHQEyH2EWekxClthlRKOLEDNjIFPHK+K0hjhdKIkJU/FhBpiw8Xm1fkicfyBfbIhJzY9T4QL4oMVJVH+wUn9cfP8wFuyKUsJMGeITyMdEDuQiEoWGq3LEXQklSgpqnR5ofEq+ai1OkuXFqe9xSmBuh1FtC7CEvSFDPxZPz4eJU8eOZ0vy4RFWceGE2b2ScKh58OYgGHBAKWEABWwaYBLKBuKWzrhPeqUbCAQ/IQBYQAme1ZmBGSv+IBF4TQCH4EyIhkA/OC+kfFYICqP8yqFVdnUFm/2hB/4wc8AziPBAFcuG9on+WZNBbMngKNeJ/eOfBxofx5sKmHP/3+gHtNw0baqLVGsWAR5bWgCUxjBhKjCSGEx1wYzwQ98ej4TUYNjfcB/cdyOObPeEZoZXwmHCD0Ea4M1FcJPshylGgDfKHq2uR8X0tcFvI6YmH4AGQHTLjTNwYOOMe0A8bD4KePaGWo45bWRXWD9x/y+C7p6G2I7uSUbIBOZhs/+NMuiPdc5BFWevv66OKNWOw3pzBkR/9c76rvgD2UT9aYouwg9hZ7AR2HmvE6gALO47VY5ewo0o8uLqe9q+uAW/x/fHkQB7xP/zx1D6VlZS7Vrt2uH5WjeULp+YrNx5nknSaTJwlymex4ddByOJK+C5DWW6ubm4AKL81qtfXW2b/NwRhXvimK3oHQICgr6+v8ZsuGu71Qwvg9n/2TWd3DL4mDAA4V8pXyApUOlx5IcC3hBbcaUbADFgBe5iPG/AC/iAYhIGRIBYkglQwAVZZBNe5DEwBM8BcUAxKwXKwBqwHm8E2sAvsBQdAHWgEJ8AZcBFcATfAPbh62sFL0AXeg14EQUgIDWEgRog5YoM4IW6IDxKIhCHRSDySiqQjWYgEUSAzkHlIKbISWY9sRaqQX5AjyAnkPNKK3EEeIR3IG+QTiqFUVA81RW3RYagPykaj0ER0PJqFTkYL0fnoUrQcrUT3oLXoCfQiegNtQ1+i3RjANDEmZoE5Yz4YB4vF0rBMTIbNwkqwMqwSq8Ea4HO+hrVhndhHnIgzcBbuDFdwJJ6E8/HJ+Cx8Cb4e34XX4qfwa/gjvAv/SqARTAhOBD8ClzCGkEWYQigmlBF2EA4TTsO91E54TyQSmUQ7ojfci6nEbOJ04hLiRuI+YhOxlfiE2E0ikYxITqQAUiyJR8onFZPWkfaQjpOuktpJPRqaGuYabhrhGmkaEo0ijTKN3RrHNK5qPNfoJWuTbch+5FiygDyNvIy8ndxAvkxuJ/dSdCh2lABKIiWbMpdSTqmhnKbcp7zV1NS01PTVHK0p1pyjWa65X/Oc5iPNj1RdqiOVQx1HVVCXUndSm6h3qG9pNJotLZiWRsunLaVV0U7SHtJ66Ay6C51LF9Bn0yvotfSr9FdaZC0bLbbWBK1CrTKtg1qXtTq1ydq22hxtnvYs7QrtI9q3tLt1GDrDdWJ18nSW6OzWOa/zQpeka6sbpivQna+7Tfek7hMGxrBicBh8xjzGdsZpRrseUc9Oj6uXrVeqt1evRa9LX1ffQz9Zf6p+hf5R/TYmxrRlcpm5zGXMA8ybzE8GpgZsA6HBYoMag6sGHwyHGAYbCg1LDPcZ3jD8ZMQyCjPKMVphVGf0wBg3djQebTzFeJPxaePOIXpD/Ifwh5QMOTDkrglq4mgSbzLdZJvJJZNuUzPTCFOp6TrTk6adZkyzYLNss9Vmx8w6zBnmgeZi89Xmx83/YOmz2KxcVjnrFKvLwsQi0kJhsdWixaLX0s4yybLIcp/lAyuKlY9VptVqq2arLmtz61HWM6yrre/akG18bEQ2a23O2nywtbNNsV1oW2f7ws7QjmtXaFdtd9+eZh9kP9m+0v66A9HBxyHHYaPDFUfU0dNR5FjheNkJdfJyEjttdGodShjqO1QytHLoLWeqM9u5wLna+ZEL0yXapcilzuXVMOthacNWDDs77Kurp2uu63bXe8N1h48cXjS8YfgbN0c3vluF23V3mnu4+2z3evfXHk4eQo9NHrc9GZ6jPBd6Nnt+8fL2knnVeHV4W3une2/wvuWj5xPns8TnnC/BN8R3tm+j70c/L798vwN+f/k7++f47/Z/McJuhHDE9hFPAiwDeAFbA9oCWYHpgVsC24IsgnhBlUGPg62CBcE7gp+zHdjZ7D3sVyGuIbKQwyEfOH6cmZymUCw0IrQktCVMNywpbH3Yw3DL8Kzw6vCuCM+I6RFNkYTIqMgVkbe4plw+t4rbNdJ75MyRp6KoUQlR66MeRztGy6IbRqGjRo5aNep+jE2MJKYuFsRyY1fFPoizi5sc9+to4ui40RWjn8UPj58RfzaBkTAxYXfC+8SQxGWJ95LskxRJzclayeOSq5I/pISmrExpGzNszMwxF1ONU8Wp9WmktOS0HWndY8PGrhnbPs5zXPG4m+Ptxk8df36C8YTcCUcnak3kTTyYTkhPSd+d/pkXy6vkdWdwMzZkdPE5/LX8l4JgwWpBhzBAuFL4PDMgc2Xmi6yArFVZHaIgUZmoU8wRrxe/zo7M3pz9ISc2Z2dOX25K7r48jbz0vCMSXUmO5NQks0lTJ7VKnaTF0rbJfpPXTO6SRcl2yBH5eHl9vh78qb+ksFcsUDwqCCyoKOiZkjzl4FSdqZKpl6Y5Tls87XlheOHP0/Hp/OnNMyxmzJ3xaCZ75tZZyKyMWc2zrWbPn90+J2LOrrmUuTlzfytyLVpZ9G5eyryG+abz58x/siBiQXUxvVhWfGuh/8LNi/BF4kUti90Xr1v8tURQcqHUtbSs9PMS/pILPw3/qfynvqWZS1uWeS3btJy4XLL85oqgFbtW6qwsXPlk1ahVtatZq0tWv1szcc35Mo+yzWspaxVr28qjy+vXWa9bvu7zetH6GxUhFfs2mGxYvOHDRsHGq5uCN9VsNt1cuvnTFvGW21sjttZW2laWbSNuK9j2bHvy9rM/+/xctcN4R+mOLzslO9t2xe86VeVdVbXbZPeyarRaUd2xZ9yeK3tD99bXONds3cfcV7of7Ffs/+OX9F9uHog60HzQ52DNIZtDGw4zDpfUIrXTarvqRHVt9an1rUdGHmlu8G84/KvLrzsbLRorjuofXXaMcmz+sb7jhce7m6RNnSeyTjxpnth87+SYk9dPjT7Vcjrq9Lkz4WdOnmWfPX4u4Fzjeb/zRy74XKi76HWx9pLnpcO/ef52uMWrpfay9+X6K75XGlpHtB67GnT1xLXQa2euc69fvBFzo/Vm0s3bt8bdarstuP3iTu6d13cL7vbem3OfcL/kgfaDsocmDyt/d/h9X5tX29FHoY8uPU54fO8J/8nLp/Knn9vnP6M9K3tu/rzqhduLxo7wjit/jP2j/aX0ZW9n8Z86f254Zf/q0F/Bf13qGtPV/lr2uu/NkrdGb3e+83jX3B3X/fB93vveDyU9Rj27Pvp8PPsp5dPz3imfSZ/Lvzh8afga9fV+X15fn5Qn4/X/CmCwoZmZALzZCQAtFQAGPLdRxqrOgv2CqM6v/Qj8J6w6L/aLFwA1sFP+xnOaANgPm+0cyB0MgPIXPjEYoO7ug00t8kx3NxUXFZ6ECD19fW9NASA1APBF1tfXu7Gv78t2GOwdAJomq86gSiHCM8OWQCW6YSiYA34Q1fn0uxx/7IEyAg/wY/8vmVePM1H8nv4AAAA4ZVhJZk1NACoAAAAIAAGHaQAEAAAAAQAAABoAAAAAAAKgAgAEAAAAAQAAAVSgAwAEAAAAAQAAAVQAAAAAsK6KPgAACCtJREFUeAHt00ERACAMA0HAv96+O+i4rYNsmjszxxEg0BN4vcgSEyDwBYzfHxCIChh/tHixCRi/HyAQFTD+aPFiEzB+P0AgKmD80eLFJmD8foBAVMD4o8WLTcD4/QCBqIDxR4sXm4Dx+wECUQHjjxYvNgHj9wMEogLGHy1ebALG7wcIRAWMP1q82ASM3w8QiAoYf7R4sQkYvx8gEBUw/mjxYhMwfj9AICpg/NHixSZg/H6AQFTA+KPFi03A+P0AgaiA8UeLF5uA8fsBAlEB448WLzYB4/cDBKICxh8tXmwCxu8HCEQFjD9avNgEjN8PEIgKGH+0eLEJGL8fIBAVMP5o8WITMH4/QCAqYPzR4sUmYPx+gEBUwPijxYtNwPj9AIGogPFHixebgPH7AQJRAeOPFi82AeP3AwSiAsYfLV5sAsbvBwhEBYw/WrzYBIzfDxCIChh/tHixCRi/HyAQFTD+aPFiEzB+P0AgKmD80eLFJmD8foBAVMD4o8WLTcD4/QCBqIDxR4sXm4Dx+wECUQHjjxYvNgHj9wMEogLGHy1ebALG7wcIRAWMP1q82ASM3w8QiAoYf7R4sQkYvx8gEBUw/mjxYhMwfj9AICpg/NHixSZg/H6AQFTA+KPFi03A+P0AgaiA8UeLF5uA8fsBAlEB448WLzYB4/cDBKICxh8tXmwCxu8HCEQFjD9avNgEjN8PEIgKGH+0eLEJGL8fIBAVMP5o8WITMH4/QCAqYPzR4sUmYPx+gEBUwPijxYtNwPj9AIGogPFHixebgPH7AQJRAeOPFi82AeP3AwSiAsYfLV5sAsbvBwhEBYw/WrzYBIzfDxCIChh/tHixCRi/HyAQFTD+aPFiEzB+P0AgKmD80eLFJmD8foBAVMD4o8WLTcD4/QCBqIDxR4sXm4Dx+wECUQHjjxYvNgHj9wMEogLGHy1ebALG7wcIRAWMP1q82ASM3w8QiAoYf7R4sQkYvx8gEBUw/mjxYhMwfj9AICpg/NHixSZg/H6AQFTA+KPFi03A+P0AgaiA8UeLF5uA8fsBAlEB448WLzYB4/cDBKICxh8tXmwCxu8HCEQFjD9avNgEjN8PEIgKGH+0eLEJGL8fIBAVMP5o8WITMH4/QCAqYPzR4sUmYPx+gEBUwPijxYtNwPj9AIGogPFHixebgPH7AQJRAeOPFi82AeP3AwSiAsYfLV5sAsbvBwhEBYw/WrzYBIzfDxCIChh/tHixCRi/HyAQFTD+aPFiEzB+P0AgKmD80eLFJmD8foBAVMD4o8WLTcD4/QCBqIDxR4sXm4Dx+wECUQHjjxYvNgHj9wMEogLGHy1ebALG7wcIRAWMP1q82ASM3w8QiAoYf7R4sQkYvx8gEBUw/mjxYhMwfj9AICpg/NHixSZg/H6AQFTA+KPFi03A+P0AgaiA8UeLF5uA8fsBAlEB448WLzYB4/cDBKICxh8tXmwCxu8HCEQFjD9avNgEjN8PEIgKGH+0eLEJGL8fIBAVMP5o8WITMH4/QCAqYPzR4sUmYPx+gEBUwPijxYtNwPj9AIGogPFHixebgPH7AQJRAeOPFi82AeP3AwSiAsYfLV5sAsbvBwhEBYw/WrzYBIzfDxCIChh/tHixCRi/HyAQFTD+aPFiEzB+P0AgKmD80eLFJmD8foBAVMD4o8WLTcD4/QCBqIDxR4sXm4Dx+wECUQHjjxYvNgHj9wMEogLGHy1ebALG7wcIRAWMP1q82ASM3w8QiAoYf7R4sQkYvx8gEBUw/mjxYhMwfj9AICpg/NHixSZg/H6AQFTA+KPFi03A+P0AgaiA8UeLF5uA8fsBAlEB448WLzYB4/cDBKICxh8tXmwCxu8HCEQFjD9avNgEjN8PEIgKGH+0eLEJGL8fIBAVMP5o8WITMH4/QCAqYPzR4sUmYPx+gEBUwPijxYtNwPj9AIGogPFHixebgPH7AQJRAeOPFi82AeP3AwSiAsYfLV5sAsbvBwhEBYw/WrzYBIzfDxCIChh/tHixCRi/HyAQFTD+aPFiEzB+P0AgKmD80eLFJmD8foBAVMD4o8WLTcD4/QCBqIDxR4sXm4Dx+wECUQHjjxYvNgHj9wMEogLGHy1ebALG7wcIRAWMP1q82ASM3w8QiAoYf7R4sQkYvx8gEBUw/mjxYhMwfj9AICpg/NHixSZg/H6AQFTA+KPFi03A+P0AgaiA8UeLF5uA8fsBAlEB448WLzYB4/cDBKICxh8tXmwCxu8HCEQFjD9avNgEjN8PEIgKGH+0eLEJGL8fIBAVMP5o8WITMH4/QCAqYPzR4sUmYPx+gEBUwPijxYtNwPj9AIGogPFHixebgPH7AQJRAeOPFi82AeP3AwSiAsYfLV5sAsbvBwhEBYw/WrzYBIzfDxCIChh/tHixCRi/HyAQFTD+aPFiEzB+P0AgKmD80eLFJmD8foBAVMD4o8WLTcD4/QCBqIDxR4sXm4Dx+wECUQHjjxYvNgHj9wMEogLGHy1ebALG7wcIRAWMP1q82ASM3w8QiAoYf7R4sQkYvx8gEBUw/mjxYhMwfj9AICpg/NHixSZg/H6AQFTA+KPFi03A+P0AgaiA8UeLF5uA8fsBAlEB448WLzYB4/cDBKICxh8tXmwCxu8HCEQFjD9avNgEjN8PEIgKGH+0eLEJGL8fIBAVMP5o8WITMH4/QCAqYPzR4sUmYPx+gEBUwPijxYtNwPj9AIGogPFHixebgPH7AQJRAeOPFi82AeP3AwSiAsYfLV5sAsbvBwhEBYw/WrzYBIzfDxCIChh/tHixCSyuBAWKlHKy/QAAAABJRU5ErkJggg==",//www.lazada.com.my/products/mom-fit-jeans-pants-acid-wash-high-quality-ready-stoke-i3828961200.html
